---
countries:
  United States:
    format: |-
      address
      city state zip_code
      country
    states:
      - "AA"
      - "AE"
      - "AK"
      - "AL"
      - "AP"
      - "AR"
      - "AS"
      - "AZ"
      - "CA"
      - "CO"
      - "CT"
      - "DC"
      - "DE"
      - "FL"
      - "FM"
      - "GA"
      - "GU"
      - "HI"
      - "IA"
      - "ID"
      - "IL"
      - "IN"
      - "KS"
      - "KY"
      - "LA"
      - "MA"
      - "MD"
      - "ME"
      - "MH"
      - "MI"
      - "MN"
      - "MO"
      - "MP"
      - "MS"
      - "MT"
      - "NC"
      - "ND"
      - "NE"
      - "NH"
      - "NJ"
      - "NM"
      - "NV"
      - "NY"
      - "OH"
      - "OK"
      - "OR"
      - "PA"
      - "PR"
      - "PW"
      - "RI"
      - "SC"
      - "SD"
      - "TN"
      - "TX"
      - "UT"
      - "VA"
      - "VI"
      - "VT"
      - "WA"
      - "WI"
      - "WV"
      - "WY"
  Germany:
    format: &id001 |-
      address
      postal_code city
      country
  France:
    format: *id001
  Netherlands:
    format: *id001
  Switzerland:
    format: *id001
  Israel:
    format: *id001
  Austria:
    format: *id001
  Belgium:
    format: *id001
  Luxembourg:
    format: *id001
  Italy:
    format: &id002 |-
      address
      postal_code city province
      country
    provinces:
      - "AG"
      - "AL"
      - "AN"
      - "AO"
      - "AP"
      - "AQ"
      - "AR"
      - "AT"
      - "AV"
      - "BA"
      - "BG"
      - "BI"
      - "BL"
      - "BN"
      - "BO"
      - "BR"
      - "BS"
      - "BZ"
      - "CA"
      - "CB"
      - "CE"
      - "CH"
      - "CL"
      - "CN"
      - "CO"
      - "CR"
      - "CS"
      - "CT"
      - "CZ"
      - "EN"
      - "FE"
      - "FG"
      - "FI"
      - "FO"
      - "FR"
      - "GE"
      - "GO"
      - "GR"
      - "IM"
      - "IS"
      - "KR"
      - "LC"
      - "LE"
      - "LI"
      - "LO"
      - "LT"
      - "LU"
      - "MC"
      - "ME"
      - "MI"
      - "MN"
      - "MO"
      - "MS"
      - "MT"
      - "NA"
      - "NO"
      - "NU"
      - "OR"
      - "PA"
      - "PC"
      - "PD"
      - "PE"
      - "PG"
      - "PI"
      - "PN"
      - "PO"
      - "PR"
      - "PS"
      - "PT"
      - "PV"
      - "PZ"
      - "RA"
      - "RC"
      - "RE"
      - "RG"
      - "RI"
      - "RM"
      - "RN"
      - "RO"
      - "SA"
      - "SI"
      - "SO"
      - "SP"
      - "SR"
      - "SS"
      - "SV"
      - "TA"
      - "TE"
      - "TN"
      - "TO"
      - "TP"
      - "TR"
      - "TS"
      - "TV"
      - "UD"
      - "VA"
      - "VB"
      - "VC"
      - "VE"
      - "VI"
      - "VR"
      - "VT"
      - "VV"
  Spain:
    format: *id002
    provinces:
      - "Alava"
      - "Albacete"
      - "Alicante"
      - "Almería"
      - "Asturias"
      - "Avila"
      - "Badajoz"
      - "Baleares"
      - "Barcelona"
      - "Burgos"
      - "Cantabria"
      - "Castellón"
      - "Ceuta"
      - "Ciudad Real"
      - "Cuenca"
      - "Cáceres"
      - "Cádiz"
      - "Córdoba"
      - "Girona"
      - "Granada"
      - "Guadelajara"
      - "Guipúzcoa"
      - "Huelva"
      - "Huesca"
      - "Jaén"
      - "La Coruña"
      - "La Rioja"
      - "Las Palmas"
      - "León"
      - "Lleida"
      - "Lugo"
      - "Madrid"
      - "Melilla"
      - "Murcia"
      - "Málaga"
      - "Navarra"
      - "Orense"
      - "Palencia"
      - "Pontevedra"
      - "Salamanca"
      - "Santa Cruz"
      - "Segovia"
      - "Sevilla"
      - "Soria"
      - "Tarragona"
      - "Tenerife"
      - "Teruel"
      - "Toledo"
      - "Valencia"
      - "Valladolid"
      - "Vizcaya"
      - "Zamora"
      - "Zaragoza"
    optional:
      - city
  United Kingdom:
    format: |-
      address
      post_town
      county
      postal_code
      country
    optional:
      - county
  Canada:
    format: |-
      address
      city province postal_code
      country
    provinces:
      - "AB"
      - "BC"
      - "MB"
      - "NB"
      - "NL"
      - "NS"
      - "NT"
      - "NU"
      - "ON"
      - "PE"
      - "QC"
      - "SK"
      - "YT"
  Ireland:
    format: |-
      address
      post_town district
      county
      country
    optional:
      - district
      - county
  Denmark:
    format: *id001
  Portugal:
    format: |-
      address
      province
      postal_code post_town
      country
    optional:
      - province
  Finland:
    format: &id003 |-
      address
      postal_code post_town
      country
  Iceland:
    format: *id003
  Norway:
    format: *id003
  Sweden:
    format: *id003
